date,rate,high,low,open,volume,ma_30,returns,prev_close,volatility
2025-02-20,0.8281499743461609,0.8287299871444702,0.8269699811935425,0.8281499743461609,0,,,,
2025-02-21,0.8287000060081482,0.829200029373169,0.8264099955558777,0.8287000060081482,0,,0.0006641691469249089,0.8281499743461609,
2025-02-24,0.828000009059906,0.8301399946212769,0.827210009098053,0.828000009059906,0,,-0.0008446928239014273,0.8287000060081482,
2025-02-25,0.8290200233459473,0.8301500082015991,0.8278800249099731,0.8290200233459473,0,,0.0012319012981647504,0.828000009059906,
2025-02-26,0.8301200270652771,0.8304200172424316,0.8270099759101868,0.8301200270652771,0,,0.0013268723171366847,0.8290200233459473,0.0008460761694579294
2025-02-27,0.8270099759101868,0.8273599743843079,0.8234800100326538,0.8270099759101868,0,,-0.0037465077984990547,0.8301200270652771,0.0011598029260814168
2025-02-28,0.8250200152397156,0.8266800045967102,0.8244400024414062,0.8250200152397156,0,,-0.0024062112047452677,0.8270099759101868,0.001953052486460321
2025-03-03,0.826170027256012,0.8266199827194214,0.8242899775505066,0.826170027256012,0,,0.0013939201413946112,0.8250200152397156,0.0020814161475994166
2025-03-04,0.8254299759864807,0.8286299705505371,0.8248299956321716,0.8254299759864807,0,,-0.00089576145964676,0.826170027256012,0.0020307848818460887
2025-03-05,0.8304200172424316,0.8374300003051758,0.82955002784729,0.8304200172424316,0,,0.00604538410419031,0.8254299759864807,0.0021558230266112872
2025-03-06,0.8372899889945984,0.8408600091934204,0.8364199995994568,0.8372899889945984,0,,0.008272887947691654,0.8304200172424316,0.005177950584085251
2025-03-07,0.837119996547699,0.8416600227355957,0.8371999859809875,0.837119996547699,0,,-0.0002030269669216489,0.8372899889945984,0.0057293001332266455
2025-03-10,0.8397499918937683,0.8416000008583069,0.8378099799156189,0.8397499918937683,0,,0.0031417184596180814,0.837119996547699,0.005913594107532766
2025-03-11,0.8417900204658508,0.8446999788284302,0.8415200114250183,0.8417900204658508,0,,0.002429328480827886,0.8397499918937683,0.004287366005435536
2025-03-12,0.8430699706077576,0.8441200256347656,0.840399980545044,0.8430699706077576,0,,0.001520509997491315,0.8417900204658508,0.002652257719571133
2025-03-13,0.8396499752998352,0.840399980545044,0.8373799920082092,0.8396499752998352,0,,-0.00405659723054419,0.8430699706077576,0.002276372057221383
2025-03-14,0.8377299904823303,0.8427500128746033,0.8373000025749207,0.8377299904823303,0,,-0.0022866490489912294,0.8396499752998352,0.0020721292279751945
2025-03-17,0.8414499759674072,0.84170001745224,0.8398799896240234,0.8414499759674072,0,,0.004440554268488217,0.8377299904823303,0.002078681238179405
2025-03-18,0.8408100008964539,0.842769980430603,0.840499997138977,0.8408100008964539,0,,-0.0007605622309485582,0.8414499759674072,0.0019993740159884067
2025-03-19,0.8414199948310852,0.8420000076293945,0.8388699889183044,0.8414199948310852,0,,0.0007254836811896315,0.8408100008964539,0.0015672973623870514
2025-03-20,0.8386099934577942,0.8389999866485596,0.8350499868392944,0.8386099934577942,0,,-0.003339594246099531,0.8414199948310852,0.001721910191533968
2025-03-21,0.8371700048446655,0.8383200168609619,0.8366600275039673,0.8371700048446655,0,,-0.0017171135860082343,0.8386099934577942,0.0019142610430969013
2025-03-24,0.8383299708366394,0.8383399844169617,0.834630012512207,0.8383299708366394,0,,0.0013855799721218531,0.8371700048446655,0.0017834869995420452
2025-03-25,0.8358700275421143,0.8363000154495239,0.8341000080108643,0.8358700275421143,0,,-0.002934337766870243,0.8383299708366394,0.002062220696152691
2025-03-26,0.8332599997520447,0.8374300003051758,0.8330600261688232,0.8332599997520447,0,,-0.00312252826883197,0.8358700275421143,0.0021814398975766864
2025-03-27,0.8341000080108643,0.8348000049591064,0.832539975643158,0.8341000080108643,0,,0.0010080986235623257,0.8332599997520447,0.0020981875973411193
2025-03-28,0.833899974822998,0.8367499709129333,0.8314899802207947,0.833899974822998,0,,-0.0002398191894797952,0.8341000080108643,0.002052497200531975
2025-03-31,0.8365499973297119,0.8374000191688538,0.8341799974441528,0.8365499973297119,0,,0.0031778661550820875,0.833899974822998,0.001401660213572979
2025-04-01,0.8372600078582764,0.8378099799156189,0.8351799845695496,0.8372600078582764,0,,0.0008487365140528169,0.8365499973297119,0.001771778020613507
2025-04-02,0.8353300094604492,0.8377199769020081,0.8335999846458435,0.8353300094604492,0,0.8346166650454203,-0.0023051362536281594,0.8372600078582764,0.0014767495227074757
2025-04-03,0.8357999920845032,0.8446400165557861,0.8341000080108643,0.8357999920845032,0,0.8348716656366985,0.000562631078413478,0.8353300094604492,0.0012767130199154235
2025-04-04,0.8436999917030334,0.8522099852561951,0.8433399796485901,0.8437700271606445,0,0.8353716651598613,0.009452021647939457,0.8357999920845032,0.0034182950789470243
2025-04-07,0.8507500290870667,0.8578900098800659,0.8487499952316284,0.8507500290870667,0,0.8361299991607666,0.008356095120734208,0.8436999917030334,0.006606745506335326
2025-04-08,0.8571500182151794,0.8593699932098389,0.8532000184059143,0.8571500182151794,0,0.8370676656564077,0.007522760986538701,0.8507500290870667,0.009480165059256262
2025-04-09,0.8585000038146973,0.8661900162696838,0.8582000136375427,0.8585000038146973,0,0.8380136648813884,0.0015749700412173162,0.8571500182151794,0.009511884087075408
2025-04-10,0.8538100123405457,0.8652899861335754,0.8519399762153625,0.8538100123405457,0,0.838906999429067,-0.005463006934550818,0.8585000038146973,0.005904314960728123
2025-04-11,0.8664299845695496,0.8736600279808044,0.8655200004577637,0.8664299845695496,0,0.8402873317400614,0.014780773294528204,0.8538100123405457,0.005913910129193678
2025-04-14,0.8668000102043152,0.8692399859428406,0.8595399856567383,0.8668000102043152,0,0.8416416645050049,0.0004270692858689973,0.8664299845695496,0.005805728226026876
2025-04-15,0.8607000112533569,0.8605200052261353,0.8536099791526794,0.8607000112533569,0,0.8428173323472341,-0.007037377571696646,0.8668000102043152,0.005496662999285359
2025-04-16,0.8534700274467468,0.8593500256538391,0.8533999919891357,0.8534700274467468,0,0.8435856660207113,-0.008400120497363273,0.8607000112533569,0.0064949692588582185
2025-04-17,0.8611000180244446,0.861299991607666,0.8567799925804138,0.8611000180244446,0,0.8443793336550395,0.008939963129723116,0.8534700274467468,0.005419300282404286
2025-04-22,0.8604000210762024,0.860759973526001,0.8563399910926819,0.8604000210762024,0,0.8451553344726562,-0.0008129101539774419,0.8611000180244446,0.004730763301117746
2025-04-23,0.8551700115203857,0.858299970626831,0.8532099723815918,0.8551700115203857,0,0.8456693351268768,-0.006078579065206036,0.8604000210762024,0.0035724154923814514
2025-04-24,0.8539100289344788,0.8564599752426147,0.8530799746513367,0.8539100289344788,0,0.8460733354091644,-0.0014733708723799754,0.8551700115203857,0.003658801614803585
2025-04-25,0.8532500267028809,0.8546599745750427,0.8511899709701538,0.8532500267028809,0,0.8464126706123352,-0.0007729177656121688,0.8539100289344788,0.0037099743798456363
2025-04-28,0.8534600138664246,0.8543999791145325,0.8493899703025818,0.8534600138664246,0,0.8468730052312216,0.0002461027330467047,0.8532500267028809,0.0029802627272833503
2025-04-29,0.8490599989891052,0.8511199951171875,0.8486599922180176,0.8490599989891052,0,0.8472506721814473,-0.005155502080743002,0.8534600138664246,0.0023092391352465564
2025-04-30,0.8492100238800049,0.8536999821662903,0.8481299877166748,0.8492100238800049,0,0.8475093404452007,0.00017669527604446955,0.8490599989891052,0.0024250572923476717
2025-05-01,0.8498899936676025,0.8510000109672546,0.8479800224304199,0.8498899936676025,0,0.8478120068709055,0.0008007086215149339,0.8492100238800049,0.0021971938834525005
2025-05-02,0.8501899838447571,0.8539999723434448,0.8489999771118164,0.8501899838447571,0,0.8481043398380279,0.0003529753019682058,0.8498899936676025,0.0017939011305959595
2025-05-05,0.8530899882316589,0.853190004825592,0.8513399958610535,0.8530899882316589,0,0.8485870063304901,0.00341100747127987,0.8501899838447571,0.0016347150558799436
2025-05-06,0.8510500192642212,0.8519399762153625,0.8461999893188477,0.8510500192642212,0,0.8490496734778087,-0.0023912705524375966,0.8530899882316589,0.0014974839779556273
2025-05-07,0.8491899967193604,0.8521999716758728,0.8487499952316284,0.8491899967193604,0,0.849411674340566,-0.002185561956122073,0.8510500192642212,0.001502437454571212
2025-05-08,0.8504700064659119,0.8511199951171875,0.8461800217628479,0.8504700064659119,0,0.8498983403046926,0.0015073302223254093,0.8491899967193604,0.0014473822678875323
2025-05-09,0.8479899764060974,0.8492100238800049,0.8463600277900696,0.8479899764060974,0,0.8503893395264943,-0.002916069985959946,0.8504700064659119,0.001931771415903728
2025-05-12,0.8450199961662292,0.8457099795341492,0.8410800099372864,0.8450199961662292,0,0.8507533391316732,-0.003502376587581124,0.8479899764060974,0.0023943940974233404
2025-05-13,0.8419399857521057,0.8426300287246704,0.8402000069618225,0.8419399857521057,0,0.8510213394959768,-0.0036448964854053356,0.8450199961662292,0.003439142958455061
2025-05-14,0.8406999707221985,0.8434900045394897,0.8403000235557556,0.8406999707221985,0,0.851159671942393,-0.0014728069112901476,0.8419399857521057,0.004076285606088394
2025-05-15,0.8430100083351135,0.8439800143241882,0.8413299918174744,0.8430100083351135,0,0.8513513386249543,0.0027477550771539683,0.8406999707221985,0.002859855143559911
2025-05-16,0.8411700129508972,0.8432000279426575,0.8402000069618225,0.8411700129508972,0,0.8515460054079692,-0.0021826495130824464,0.8430100083351135,0.001720897237325167
2025-05-19,0.8407700061798096,0.8425400257110596,0.8399099707603455,0.8407700061798096,0,0.8517116725444793,-0.0004755361757183829,0.8411700129508972,0.0009687520951850762
2025-05-20,0.8407300114631653,0.8428800106048584,0.840399980545044,0.8407300114631653,0,0.8516126732031505,-4.756915250347937e-05,0.8407700061798096,0.0009879222031757599
2025-05-21,0.8425300121307373,0.8458999991416931,0.8422099947929382,0.8425300121307373,0,0.8513386726379395,0.0021409972797798993,0.8407300114631653,0.0010576956600367613
2025-05-22,0.8443599939346313,0.844789981842041,0.8399999737739563,0.8443599939346313,0,0.8509123384952545,0.002172007854374325,0.8425300121307373,0.0015513224088707278
2025-05-23,0.8406400084495544,0.8416000008583069,0.8381900191307068,0.8406400084495544,0,0.8503170053164164,-0.004405686569471601,0.8443599939346313,0.001630770477869496
2025-05-26,0.8401299715042114,0.8407999873161316,0.838729977607727,0.8401299715042114,0,0.8498610039552053,-0.00060672456725408,0.8406400084495544,0.0017529629976742016
2025-05-27,0.8394700288772583,0.8397600054740906,0.8373000025749207,0.8394700288772583,0,0.8489623387654622,-0.0007855244418569773,0.8401299715042114,0.001996901274818682
2025-05-28,0.838890016078949,0.8401100039482117,0.8381999731063843,0.838890016078949,0,0.84803200562795,-0.0006909273450597109,0.8394700288772583,0.0021513331858536975
2025-05-29,0.8363199830055237,0.8428999781608582,0.8361999988555908,0.8363199830055237,0,0.847219338019689,-0.0030636114677319304,0.838890016078949,0.0016838554413283586
2025-05-30,0.842710018157959,0.8429800271987915,0.8403599858283997,0.842710018157959,0,0.846860671043396,0.00764065821968174,0.8363199830055237,0.002301439075165095
2025-06-02,0.8428699970245361,0.8447499871253967,0.841821014881134,0.8428699970245361,0,0.8462530036767324,0.00018983857214238675,0.842710018157959,0.0027669033062932696
2025-06-03,0.8447700142860413,0.8449400067329407,0.8410400152206421,0.8447700142860413,0,0.8457320034503937,0.0022542233893867447,0.8428699970245361,0.0034251249433020895
2025-06-04,0.8412799835205078,0.842930018901825,0.8406000137329102,0.8412799835205078,0,0.8452690025170644,-0.0041313383601607745,0.8447700142860413,0.003196658929883915
2025-06-05,0.8427799940109253,0.8446699976921082,0.8410300016403198,0.8427799940109253,0,0.844898001352946,0.0017830098419082674,0.8412799835205078,0.0012420931720353871
2025-06-06,0.843280017375946,0.8442999720573425,0.841729998588562,0.843280017375946,0,0.8445656677087148,0.000593302366660442,0.8427799940109253,0.0012485031489686805
2025-06-09,0.8425499796867371,0.8426100015640259,0.8413230180740356,0.8425499796867371,0,0.8442019999027253,-0.0008657120697352916,0.843280017375946,0.0012646754918356927
2025-06-10,0.8428999781608582,0.8467599749565125,0.84170001745224,0.8428999781608582,0,0.843996665875117,0.00041540381290050554,0.8425499796867371,0.0007617299294022611
2025-06-11,0.8466600179672241,0.848770022392273,0.8462600111961365,0.8466600179672241,0,0.8439116656780243,0.004460837470384282,0.8428999781608582,0.0017121114716439848
2025-06-12,0.8481600284576416,0.8543000221252441,0.847599983215332,0.8481600284576416,0,0.8438540001710256,0.0017716798462019678,0.8466600179672241,0.002534363014048758
2025-06-13,0.8512399792671204,0.8530099987983704,0.8493199944496155,0.8512399792671204,0,0.8438890000184377,0.0036313321851297875,0.8481600284576416,0.0036611301152052553
2025-06-16,0.8510000109672546,0.8530899882316589,0.850492000579834,0.8510000109672546,0,0.8438193341096242,-0.00028190440499786806,0.8512399792671204,0.003439789070831033
2025-06-17,0.8514500260353088,0.8538299798965454,0.8511499762535095,0.8514500260353088,0,0.8438326676686605,0.0005288073587010889,0.8510000109672546,0.0021643208312140984
2025-06-18,0.8548799753189087,0.85589998960495,0.8541399836540222,0.8548799753189087,0,0.8440223336219788,0.004028362415550157,0.8514500260353088,0.002386481010080184
2025-06-19,0.8554199934005737,0.855929970741272,0.8532609939575195,0.8554199934005737,0,0.8441873331864674,0.000631688771822736,0.8548799753189087,0.002161405653538372
2025-06-20,0.8540899753570557,0.8557000160217285,0.8525000214576721,0.8540899753570557,0,0.8443906664848327,-0.0015548129033444713,0.8554199934005737,0.0020189100330094373
2025-06-23,0.8558899760246277,0.8573700189590454,0.8546000123023987,0.8558899760246277,0,0.8447529991467794,0.0021075070771314763,0.8540899753570557,0.001751761060453626
2025-06-24,0.856190025806427,0.8564000129699707,0.8519999980926514,0.856190025806427,0,0.8452280004819234,0.00035057050579445637,0.8558899760246277,0.0008359150347800717
2025-06-25,0.8528599739074707,0.8536499738693237,0.8512700200080872,0.8528599739074707,0,0.8456333339214325,-0.003889384130374318,0.856190025806427,0.001390319883777496
2025-06-26,0.8532999753952026,0.8539100289344788,0.8517000079154968,0.8532999753952026,0,0.8459763328234354,0.0005159129296641307,0.8528599739074707,0.0015066768415819632
2025-06-27,0.8518000245094299,0.8550999760627747,0.8508300185203552,0.8518000245094299,0,0.8463306665420532,-0.001757823659936264,0.8532999753952026,0.0019363295751337883
2025-06-30,0.8547300100326538,0.8580600023269653,0.8534029722213745,0.8547300100326538,0,0.8467960000038147,0.0034397575004900816,0.8518000245094299,0.0017108359142813693
2025-07-01,0.8583599925041199,0.8596199750900269,0.8556299805641174,0.8583599925041199,0,0.8473836660385132,0.004246934621293219,0.8547300100326538,0.0025471329625283237
2025-07-02,0.858780026435852,0.8668799996376038,0.857699990272522,0.858780026435852,0,0.847925333182017,0.0004893447217952929,0.8583599925041199,0.0030824003677194264
2025-07-03,0.8644300103187561,0.8654000163078308,0.8610000014305115,0.8644300103187561,0,0.8485943337281545,0.006579081614593196,0.858780026435852,0.0047564074547124455
2025-07-04,0.8611800074577332,0.8636999726295471,0.8608999848365784,0.8611800074577332,0,0.8492790003617604,-0.003759706190469392,0.8644300103187561,0.003595070600383039
2025-07-07,0.863099992275238,0.8644000291824341,0.8600999712944031,0.8629999756813049,0,0.8500446677207947,0.0022294814102488125,0.8611800074577332,0.0026438964320745022
2025-07-08,0.8614299893379211,0.8641999959945679,0.8608999848365784,0.8614299893379211,0,0.8507766664028168,-0.0019348892970263432,0.863099992275238,0.0021358367206668434
2025-07-09,0.8629000186920166,0.863099992275238,0.8605999946594238,0.8629000186920166,0,0.8515769998232524,0.0017064989288628762,0.8614299893379211,0.001329842541215896
2025-07-10,0.8629900217056274,0.863319993019104,0.8610000014305115,0.8629900217056274,0,0.8524660011132558,0.00010430294548746666,0.8629000186920166,0.0009334667499964521
2025-07-11,0.8616499900817871,0.8666599988937378,0.8608800172805786,0.8616499900817871,0,0.8530973335107167,-0.001552777656909532,0.8629900217056274,0.0008047652940784697
2025-07-14,0.8657000064849854,0.8692200183868408,0.8653799891471863,0.8657000064849854,0,0.853858333826065,0.0047003034292540935,0.8616499900817871,0.0017004274887033727
2025-07-15,0.8687599897384644,0.8695999979972839,0.8667500019073486,0.8687599897384644,0,0.8546579996744792,0.0035346924229602283,0.8657000064849854,0.0028504413976411878
2025-07-16,0.8666099905967712,0.8694700002670288,0.8647000193595886,0.8666099905967712,0,0.855502333243688,-0.002474790698338225,0.8687599897384644,0.0028452311516586654
2025-07-17,0.8676000237464905,0.867900013923645,0.8637999892234802,0.8676000237464905,0,0.8563296675682068,0.0011424206511136958,0.8666099905967712,0.0027176189113130396
2025-07-18,0.8647000193595886,0.8670899868011475,0.8647500276565552,0.8647000193595886,0,0.8570436676343282,-0.0033425591373072994,0.8676000237464905,0.0015857358944331651
2025-07-21,0.8668799996376038,0.8673200011253357,0.8650199770927429,0.8668799996376038,0,0.8578546682993571,0.0025210827214154907,0.8647000193595886,0.001489422278754448
2025-07-22,0.8669099807739258,0.8690999746322632,0.8664000034332275,0.8669099807739258,0,0.8586550017197927,3.4585105590734244e-05,0.8668799996376038,0.001091623024497746
2025-07-23,0.8681399822235107,0.8683900237083435,0.8647000193595886,0.8681399822235107,0,0.8593710005283356,0.0014188341083429812,0.8669099807739258,0.0013089522746109422
2025-07-24,0.8669899702072144,0.8701599836349487,0.866599977016449,0.8669899702072144,0,0.8599986652533214,-0.0013246850045437464,0.8681399822235107,0.0012481153969014492
2025-07-25,0.870199978351593,0.8736299872398376,0.8696900010108948,0.870199978351593,0,0.8606306652228037,0.003702474370737452,0.8669899702072144,0.001428923669788548
2025-07-28,0.8748000264167786,0.8751599788665771,0.8666200041770935,0.8748000264167786,0,0.8614239990711212,0.005286196483134109,0.870199978351593,0.0032937826204073044
2025-07-29,0.8679500222206116,0.8687000274658203,0.864300012588501,0.8679500222206116,0,0.8619739989439646,-0.007830365785681193,0.8748000264167786,0.0031251121386051514
2025-07-30,0.8649299740791321,0.8658499717712402,0.8615999817848206,0.8649299740791321,0,0.8623089989026388,-0.0034795184793622314,0.8679500222206116,0.0037677797536283136
2025-07-31,0.8620200157165527,0.8657799959182739,0.8610699772834778,0.8620200157165527,0,0.8625289996465048,-0.003364386077239989,0.8649299740791321,0.004905762775838351
2025-08-01,0.8647400140762329,0.871999979019165,0.8643800020217896,0.8647400140762329,0,0.862884000937144,0.003155377265131376,0.8620200157165527,0.004895738790920768
2025-08-04,0.8717600107192993,0.8721200227737427,0.8686500191688538,0.8717600107192993,0,0.863413002093633,0.008118043028881416,0.8647400140762329,0.003713525428360997
2025-08-05,0.8710899949073792,0.8712499737739563,0.8679800033569336,0.8710899949073792,0,0.8639096677303314,-0.0007685782826484244,0.8717600107192993,0.004287663387266655
2025-08-06,0.8705899715423584,0.8730999827384949,0.8695999979972839,0.8705899715423584,0,0.8645006676514944,-0.0005740203284896328,0.8710899949073792,0.004381022181625589
2025-08-07,0.8730400204658508,0.8741099834442139,0.8664000034332275,0.8730400204658508,0,0.8651586691538493,0.002814239772543914,0.8705899715423584,0.0032111245571808515
2025-08-08,0.8679599761962891,0.868149995803833,0.86531001329422,0.8679599761962891,0,0.8656973342100779,-0.005818798852830431,0.8730400204658508,0.0018771348565797387
2025-08-11,0.8663399815559387,0.867139995098114,0.8646799921989441,0.8663399815559387,0,0.8660843332608541,-0.0018664393345068087,0.8679599761962891,0.0026525087271979607
2025-08-12,0.8646000027656555,0.8654099702835083,0.8618999719619751,0.8646000027656555,0,0.8662923336029053,-0.00200842489937747,0.8663399815559387,0.0033595710761421243
2025-08-13,0.8646799921989441,0.8653200268745422,0.8621000051498413,0.8646799921989441,0,0.8664889991283417,9.251611500427082e-05,0.8646000027656555,0.0034805382547510597
2025-08-14,0.8621399998664856,0.8624100089073181,0.8596199750900269,0.8621399998664856,0,0.8664126654465993,-0.002937494050254452,0.8646799921989441,0.0021734389140445572
2025-08-15,0.8610299825668335,0.8637599945068359,0.860539972782135,0.8610299825668335,0,0.8664076646169027,-0.0012875139766441723,0.8621399998664856,0.002138087379813411
2025-08-18,0.8634999990463257,0.8637999892234802,0.8616999983787537,0.8634999990463257,0,0.8664209981759389,0.002868676503144263,0.8610299825668335,0.0015868569211373712
2025-08-19,0.8637499809265137,0.8647199869155884,0.8629400134086609,0.8637499809265137,0,0.866498331228892,0.0002894984139711898,0.8634999990463257,0.0014364378647354424
2025-08-20,0.8632400035858154,0.8662199974060059,0.8608899712562561,0.8632400035858154,0,0.8665096640586853,-0.0005904224045842899,0.8637499809265137,0.0011326410337963602
2025-08-21,0.8652799725532532,0.8665300011634827,0.864549994468689,0.8652799725532532,0,0.8665859957536062,0.0023631538841619726,0.8632400035858154,0.0015249065412991346
2025-08-22,0.8654000163078308,0.8667399883270264,0.8637999892234802,0.8654000163078308,0,0.8667109966278076,0.00013873400331165797,0.8652799725532532,0.0010264883519845597
2025-08-25,0.866599977016449,0.8670300245285034,0.8649799823760986,0.866599977016449,0,0.8667409956455231,0.0013865965865562657,0.8654000163078308,0.0013557161120272302
2025-08-26,0.8632699847221375,0.8649100065231323,0.8623800277709961,0.8632699847221375,0,0.8665579954783121,-0.0038425944872235718,0.866599977016449,0.0014659486855963797
2025-08-27,0.8634999990463257,0.8639600276947021,0.8610000014305115,0.8634999990463257,0,0.8664543290932973,0.0002664454090364199,0.8632699847221375,0.00140185241001901
2025-08-28,0.8625100255012512,0.8644599914550781,0.8615000247955322,0.8625100255012512,0,0.8662846624851227,-0.0011464661796963815,0.8634999990463257,0.0016878382688100655
2025-08-29,0.8645399808883667,0.8672900199890137,0.863510012626648,0.8645399808883667,0,0.8662793278694153,0.0023535441062678686,0.8625100255012512,0.0015826506742517325
2025-09-01,0.8656799793243408,0.8669999837875366,0.8637599945068359,0.8656799793243408,0,0.8662393271923066,0.0013186185268179162,0.8645399808883667,0.0012315489284659257
2025-09-02,0.8647000193595886,0.8712199926376343,0.8640999794006348,0.8647000193595886,0,0.8661656618118286,-0.0011320118151710856,0.8656799793243408,0.001214596684275703
2025-09-03,0.8692399859428406,0.8708599805831909,0.8670899868011475,0.8692399859428406,0,0.8662023286024729,0.005250337089866441,0.8647000193595886,0.0024689905655025635
2025-09-04,0.8674600124359131,0.8680499792098999,0.8659600019454956,0.8674600124359131,0,0.8662179966767629,-0.0020477354191165142,0.8692399859428406,0.002001767857112589
2025-09-05,0.8670099973678589,0.8685700297355652,0.8664889931678772,0.8670099973678589,0,0.8661116639773051,-0.0005187732709320825,0.8674600124359131,0.0017389646284375932
2025-09-08,0.8680400252342224,0.868340015411377,0.8662700057029724,0.8680400252342224,0,0.8658863306045532,0.0011880230556631233,0.8670099973678589,0.0016718469165116251
2025-09-09,0.8683300018310547,0.8683599829673767,0.8654999732971191,0.8683300018310547,0,0.865898996591568,0.0003340590161773349,0.8680400252342224,0.0008541778821250544
2025-09-10,0.8654999732971191,0.8655400276184082,0.8640699982643127,0.8654999732971191,0,0.865917996565501,-0.003259162447419528,0.8683300018310547,0.0011127919175721681
2025-09-11,0.8646600246429443,0.8661699891090393,0.8636699914932251,0.8646600246429443,0,0.8660059968630472,-0.0009704779665965502,0.8654999732971191,0.001592946574168773
2025-09-12,0.8642600178718567,0.8664000034332275,0.8637999892234802,0.8642600178718567,0,0.865989996989568,-0.00046261739838482363,0.8646600246429443,0.0019064939291005426
2025-09-15,0.8651300072669983,0.8653299808502197,0.8631770014762878,0.8651300072669983,0,0.8657689968744914,0.001006629228647915,0.8642600178718567,0.0016093504496454162
2025-09-16,0.8647599816322327,0.867929995059967,0.8634399771690369,0.8647599816322327,0,0.8655579964319865,-0.0004277110164454534,0.8651300072669983,0.0004723404751395154
2025-09-17,0.86940997838974,0.86940997838974,0.8669000267982483,0.86940997838974,0,0.8655186633268992,0.005377210851883474,0.8647599816322327,0.002127902974198466
2025-09-18,0.8676199913024902,0.8695999979972839,0.8665000200271606,0.8676199913024902,0,0.8653379956881205,-0.002058852706711578,0.86940997838974,0.0021963564295199756
2025-09-19,0.8696500062942505,0.8726800084114075,0.8686000108718872,0.8696500062942505,0,0.8653943300247192,0.002339751287557146,0.8676199913024902,0.0023041547026341914
2025-09-22,0.871649980545044,0.8732699751853943,0.8703420162200928,0.871649980545044,0,0.8655713299910227,0.0022997461465168456,0.8696500062942505,0.0025867692143039796
2025-09-23,0.8730999827384949,0.8744500279426575,0.8716599941253662,0.8730999827384949,0,0.865854662656784,0.001663514284190315,0.871649980545044,0.002124761516597878
2025-09-24,0.8735899925231934,0.8744400143623352,0.8723000288009644,0.8735899925231934,0,0.8661516626675924,0.0005612298641464175,0.8730999827384949,0.002485608408973188
2025-09-25,0.8730000257492065,0.8749399781227112,0.8723000288009644,0.8730000257492065,0,0.8665136635303498,-0.0006753360032007993,0.8735899925231934,0.001595858592974252
2025-09-26,0.8744500279426575,0.8748000264167786,0.871999979019165,0.8744500279426575,0,0.8669609983762105,0.0016609417533597348,0.8730000257492065,0.0010196075578080084
2025-09-29,0.8729900121688843,0.8743699789047241,0.871412992477417,0.8729900121688843,0,0.8672773321469625,-0.0016696388897238235,0.8744500279426575,0.000623168011191142
2025-09-30,0.8730999827384949,0.8744000196456909,0.8723000288009644,0.8730999827384949,0,0.8675889988740285,0.0001259700203641856,0.8729900121688843,0.000623168011191142
2025-10-01,0.8729400038719177,0.8741499781608582,0.8690199851989746,0.8729400038719177,0,0.8679123322168986,-0.00018323086672777933,0.8730999827384949,0.0006477201965016913
2025-10-02,0.8704100251197815,0.8729100227355957,0.870169997215271,0.8704100251197815,0,0.8680833339691162,-0.002898227531003883,0.8729400038719177,0.0014643983211540792
2025-10-03,0.8719300031661987,0.8729199767112732,0.8710100054740906,0.8719300031661987,0,0.8683010001977285,0.0017462781936685712,0.8704100251197815,0.0011435928299984427
2025-10-06,0.8717799782752991,0.8722100257873535,0.8671600222587585,0.8717799782752991,0,0.8684736669063569,-0.00017206070482134184,0.8719300031661987,0.0010804835696364805
2025-10-07,0.8683599829673767,0.8703500032424927,0.8677300214767456,0.8683599829673767,0,0.8686433335145315,-0.0039230028139535245,0.8717799782752991,0.0017691359771551294
2025-10-08,0.8683000206947327,0.868369996547699,0.8656799793243408,0.8683000206947327,0,0.868803334236145,-6.905232141063422e-05,0.8683599829673767,0.0017691281607644252
2025-10-09,0.8677899837493896,0.8697699904441833,0.8675000071525574,0.8677899837493896,0,0.8689793328444163,-0.0005873971359978691,0.8683000206947327,0.002042048560348087
2025-10-10,0.8693299889564514,0.8722800016403198,0.8691999912261963,0.8693299889564514,0,0.8691389997800191,0.0017746289262385861,0.8677899837493896,0.0015920265574580481
2025-10-13,0.8699600100517273,0.8707000017166138,0.8672999739646912,0.8699600100517273,0,0.869281667470932,0.0007247203056139906,0.8693299889564514,0.0008770286943523319
2025-10-14,0.8675000071525574,0.8721100091934204,0.8666499853134155,0.8675000071525574,0,0.8693750003973643,-0.002827719516697802,0.8699600100517273,0.0010411207783702615
2025-10-15,0.8709400296211243,0.8720399737358093,0.8684399724006653,0.8709400296211243,0,0.8694316685199738,0.003965443735105323,0.8675000071525574,0.0014538105746778505
2025-10-16,0.8687899708747864,0.8695799708366394,0.8664399981498718,0.8687899708747864,0,0.8694760004679362,-0.0024686645155961306,0.8709400296211243,0.0012870735866883927
2025-10-17,0.8701199889183044,0.872409999370575,0.8694000244140625,0.8701199889183044,0,0.8695796668529511,0.0015308855858209292,0.8687899708747864,0.0013385228862160012
2025-10-20,0.8682500123977661,0.8694199919700623,0.8673650026321411,0.8682500123977661,0,0.8695866664250692,-0.0021491018989955313,0.8701199889183044,0.0013966621044279447
2025-10-21,0.8686100244522095,0.869379997253418,0.8669999837875366,0.8686100244522095,0,0.869596000512441,0.00041464100121246794,0.8682500123977661,0.0011392899880996925
2025-10-22,0.867900013923645,0.8711599707603455,0.8674899935722351,0.867900013923645,0,0.8696760018666585,-0.0008174100097592119,0.8686100244522095,0.0008469422547589256
2025-10-23,0.8693900108337402,0.8720099925994873,0.868120014667511,0.8693900108337402,0,0.8698336680730184,0.001716784060596055,0.867900013923645,0.0008978376913586353
2025-10-24,0.8716700077056885,0.8746600151062012,0.8706499934196472,0.8716700077056885,0,0.8700806677341462,0.0026225248088158626,0.8693900108337402,0.0015059115646995293
2025-10-27,0.8730300068855286,0.8735299706459045,0.8716250061988831,0.8730300068855286,0,0.8703440010547638,0.0015602225243698253,0.8716700077056885,0.002157076289662393
2025-10-28,0.8733000159263611,0.878849983215332,0.8725699782371521,0.8733000159263611,0,0.870628668864568,0.00030927807601455193,0.8730300068855286,0.0023476085661291142
2025-10-29,0.8778300285339355,0.881630003452301,0.8777400255203247,0.8778300285339355,0,0.8709093372027079,0.005187235228398812,0.8733000159263611,0.0030907644984874763
2025-10-30,0.8792999982833862,0.8812699913978577,0.8790000081062317,0.8792999982833862,0,0.8712986707687378,0.001674549402127079,0.8778300285339355,0.0033299899083858303
2025-10-31,0.8793500065803528,0.881659984588623,0.8781099915504456,0.8793500065803528,0,0.8716220041116078,5.6872850067390956e-05,0.8792999982833862,0.0031620020205364394
2025-11-03,0.8776199817657471,0.8782899975776672,0.8762999773025513,0.8776199817657471,0,0.871821004152298,-0.001967390460748897,0.8793500065803528,0.0024710170015139255
2025-11-04,0.8769199848175049,0.8812299966812134,0.8764700293540955,0.8769199848175049,0,0.8719483375549316,-0.0007976082618741387,0.8776199817657471,0.001077516851799231
2025-11-05,0.8820000290870667,0.882860004901886,0.8799700140953064,0.8820000290870667,0,0.8722286721070608,0.005793053365774181,0.8769199848175049,0.0019644574025200158
2025-11-06,0.8807799816131592,0.881659984588623,0.8794999718666077,0.8807799816131592,0,0.8724880039691925,-0.0013832737343221213,0.8820000290870667,0.0021192072773746277
2025-11-07,0.87882000207901,0.8815699815750122,0.8784000277519226,0.87882000207901,0,0.8726336697737376,-0.0022252771124060544,0.8807799816131592,0.0021314262369885144
2025-11-10,0.8783400058746338,0.8794999718666077,0.8773999810218811,0.8785899877548218,0,0.8728120028972626,-0.0005461826121853086,0.87882000207901,0.0020168689310546425
2025-11-11,0.8773099780082703,0.8812800049781799,0.8772799968719482,0.8772799968719482,0,0.8729523360729218,-0.0011726983394521051,0.8783400058746338,0.0019026414467859405
2025-11-12,0.8809199929237366,0.8838099837303162,0.8804000020027161,0.8809099793434143,0,0.8732183357079824,0.004114868183378029,0.8773099780082703,0.0015736193699745489
2025-11-13,0.8829399943351746,0.8841999769210815,0.8815500140190125,0.8829200267791748,0,0.8736360013484955,0.002293058878972243,0.8809199929237366,0.0022536830793021675
2025-11-14,0.8842200040817261,0.8865299820899963,0.8816400170326233,0.8841699957847595,0,0.8740456680456797,0.0014497131795636609,0.8829399943351746,0.002937160359044143
2025-11-17,0.8826000094413757,0.882830023765564,0.8792399764060974,0.8827000260353088,0,0.8744063357512156,-0.0018321171573500994,0.8842200040817261,0.0026705197676559615
2025-11-18,0.8809700012207031,0.8823000192642212,0.8804000020027161,0.8810700178146362,0,0.8748266696929932,-0.0018468255191887994,0.8826000094413757,0.0014013235039702966
2025-11-19,0.8807600140571594,0.8832700252532959,0.8806700110435486,0.8807799816131592,0,0.875242002805074,-0.00023835903975477635,0.8809700012207031,0.0014427792309748037
2025-11-20,0.8834199905395508,0.8837000131607056,0.8795769810676575,0.8835300207138062,0,0.8757630030314127,0.0030200922384502338,0.8807600140571594,0.0015105520487910585
2025-11-21,0.8814700245857239,0.8826199769973755,0.8780999779701233,0.8815100193023682,0,0.8761676708857219,-0.00220729208610726,0.8834199905395508,0.0011329224881755531
2025-11-24,0.8786500096321106,0.8819400072097778,0.8785169720649719,0.8786399960517883,0,0.8764573375384013,-0.003199218209307353,0.8814700245857239,0.0017061389822685285
2025-11-25,0.8789100050926208,0.8794000148773193,0.87677001953125,0.8789799809455872,0,0.8768376708030701,0.0002959033263074673,0.8786500096321106,0.0019611613558456133
2025-11-26,0.8788400292396545,0.8817499876022339,0.8754900097846985,0.8787500262260437,0,0.8771010041236877,-7.961663032718391e-05,0.8789100050926208,0.002114270095012004
2025-11-27,0.8758999705314636,0.8769999742507935,0.8745700120925903,0.8759199976921082,0,0.8773380041122436,-0.0033453855199728766,0.8788400292396545,0.001972614152136532
2025-11-28,0.8760200142860413,0.8771799802780151,0.8746500015258789,0.8760300278663635,0,0.8775346716245015,0.00013705189932222694,0.8758999705314636,0.0015590283393329667
2025-12-01,0.8762400150299072,0.8793299794197083,0.8759300112724304,0.8762000203132629,0,0.8778010050455729,0.00025113666386400446,0.8760200142860413,0.00155050061278279
2025-12-02,0.8786799907684326,0.8801000118255615,0.8783000111579895,0.8786799907684326,0,0.878136670589447,0.0027845974809106444,0.8762400150299072,0.0014885903709555058
2025-12-03,0.8795700073242188,0.8798999786376953,0.8737000226974487,0.8795599937438965,0,0.8785256703694662,0.0010129018131024292,0.8786799907684326,0.0017159328203879458
2025-12-04,0.8741000294685364,0.8753499984741211,0.8722000122070312,0.8740900158882141,0,0.878682670990626,-0.006218922666909488,0.8795700073242188,0.002199129017271954
2025-12-05,0.8739299774169922,0.8741099834442139,0.8723999857902527,0.8739200234413147,0,0.8787580033143362,-0.0001945452989489116,0.8741000294685364,0.0025792291181087872
2025-12-08,0.8735399842262268,0.875220000743866,0.8725500106811523,0.8734899759292603,0,0.8787750025590261,-0.00044625221796146253,0.8739299774169922,0.00290978440603244
2025-12-09,0.8734400272369385,0.8746200203895569,0.8720499873161316,0.8734300136566162,0,0.878779669602712,-0.00011442749169277011,0.8735399842262268,0.002615805211743589
2025-12-10,0.8740299940109253,0.8750900030136108,0.8728200197219849,0.8740400075912476,0,0.8786530017852783,0.0006754519550165039,0.8734400272369385,0.00029861239548607083
2025-12-11,0.8739100098609924,0.8757399916648865,0.8738300204277039,0.8739500045776367,0,0.8784733355045319,-0.00013727692499687638,0.8740299940109253,0.00026200272010779154
2025-12-12,0.876579999923706,0.8791400194168091,0.8759999871253967,0.8766099810600281,0,0.8783810019493103,0.0030552231151790288,0.8739100098609924,0.0012981306101759948
2025-12-15,0.8780199885368347,0.8788999915122986,0.8769999742507935,0.8779699802398682,0,0.8783943355083466,0.0016427349623011622,0.876579999923706,0.0019991965882393704
2025-12-16,0.8784499764442444,0.8795599937438965,0.8755699992179871,0.8784499764442444,0,0.8784453352292378,0.0004897245085799806,0.8780199885368347,0.0021489598018671822
2025-12-17,0.8751400113105774,0.8795700073242188,0.874970018863678,0.8750900030136108,0,0.8782166679700215,-0.0037679608656431274,0.8784499764442444,0.0019134255407972556
2025-12-18,0.8779000043869019,0.8786900043487549,0.8736299872398376,0.8778899908065796,0,0.8781206687291463,0.003153773157041684,0.8751400113105774,0.0013556513791148656
2025-12-19,0.8759599924087524,0.8773400187492371,0.875029981136322,0.8759999871253967,0,0.878025335073471,-0.0022098325190285095,0.8779000043869019,0.0014534282726241618
2025-12-22,0.8751299977302551,0.8752999901771545,0.872759997844696,0.8751800060272217,0,0.8779183348019918,-0.0009475257839287599,0.8759599924087524,0.0015635875924036055
2025-12-23,0.8734300136566162,0.8736699819564819,0.871999979019165,0.8733900189399719,0,0.8777890026569366,-0.0019425503388617038,0.8751299977302551,0.0016218993960223518
2025-12-24,0.8728100061416626,0.8730800151824951,0.8718699812889099,0.8727800250053406,0,0.8775186697642009,-0.0007098536863393567,0.8734300136566162,0.0020370848766610027
2025-12-26,0.8722699880599976,0.8735399842262268,0.8716400265693665,0.8723199963569641,0,0.8771630028883616,-0.000618712065472593,0.8728100061416626,0.001566873951486585
2025-12-29,0.872160017490387,0.8738999962806702,0.8709999918937683,0.8721100091934204,0,0.8767610033353169,-0.00012607400359510024,0.8722699880599976,0.0012112370128937635
2025-12-30,0.871399998664856,0.8736000061035156,0.870199978351593,0.8713799715042114,0,0.8763876696427663,-0.0008714213106419955,0.872160017490387,0.0007587077626259679
2025-12-31,0.8722400069236755,0.8744999766349792,0.8717399835586548,0.8721500039100647,0,0.8760966698328654,0.0009639755107948567,0.871399998664856,0.0005043133802668703
2026-01-02,0.8720499873161316,0.8724700212478638,0.8700500130653381,0.8720600008964539,0,0.8758063356081645,-0.00021785243285743494,0.8722400069236755,0.000359069241681983
2026-01-05,0.8709700107574463,0.870959997177124,0.8660500049591064,0.870959997177124,0,0.8753913362820943,-0.001238434234726693,0.8720499873161316,0.0005541022194178091
2026-01-06,0.8655700087547302,0.8662999868392944,0.8644400238990784,0.8656399846076965,0,0.8748613357543945,-0.0061999861487996855,0.8709700107574463,0.002772689466154157
2026-01-07,0.8657100200653076,0.8676999807357788,0.8652999997138977,0.8657000064849854,0,0.8744300027688344,0.00016175619437053257,0.8655700087547302,0.003383617773925847
2026-01-08,0.8675699830055237,0.8690299987792969,0.8673800230026245,0.8675500154495239,0,0.8740520020325978,0.002148482629409587,0.8657100200653076,0.002994067213862948
2026-01-09,0.867579996585846,0.8687000274658203,0.8665000200271606,0.8676199913024902,0,0.8736766676108042,1.1542100946781986e-05,0.8675699830055237,0.0021782542822005725
2026-01-12,0.8677800297737122,0.8691499829292297,0.8665199875831604,0.8678600192070007,0,0.8734060029188792,0.00023056454580938635,0.867579996585846,0.001101571420031188
2026-01-13,0.8663899898529053,0.8670499920845032,0.8651000261306763,0.8663899898529053,0,0.8730850021044413,-0.0016018344201460533,0.8677800297737122,0.0009090796849078176
2026-01-14,0.867110013961792,0.8672299981117249,0.8655999898910522,0.8672000169754028,0,0.8727806687355042,0.0008310623591218924,0.8663899898529053,0.0005578868672352249
2026-01-15,0.8664100170135498,0.8677700161933899,0.8652899861335754,0.8664000034332275,0,0.8723716696103414,-0.0008072758207968711,0.867110013961792,0.000644700078794219
2026-01-16,0.8675000071525574,0.8678699731826782,0.8659999966621399,0.8675199747085571,0,0.871969336271286,0.0012580534823047884,0.8664100170135498,0.0006291908665346706
2026-01-19,0.8672299981117249,0.8685500025749207,0.866599977016449,0.8672400116920471,0,0.871740335226059,-0.0003112496122262831,0.8675000071525574,0.0005023159903986187
2026-01-20,0.86735999584198,0.8729100227355957,0.8670200109481812,0.867330014705658,0,0.8715213358402252,0.00014989994642511384,0.8672299981117249,0.0004237506513917255
2026-01-21,0.8725000023841858,0.8745499849319458,0.8708000183105469,0.8724200129508972,0,0.8714866697788238,0.005926035979116451,0.86735999584198,0.0024408277402818844
2026-01-22,0.8698099851608276,0.8731899857521057,0.8692799806594849,0.8699100017547607,0,0.8713656683762868,-0.003083114287687594,0.8725000023841858,0.0022861861686849644
2026-01-23,0.8705899715423584,0.8708599805831909,0.8657400012016296,0.8706099987030029,0,0.8712510009606679,0.0008967319240265059,0.8698099851608276,0.0022369985051985657
2026-01-26,0.8678799867630005,0.8685399889945984,0.8668100237846375,0.8678900003433228,0,0.8710500001907349,-0.0031128141466606474,0.8705899715423584,0.002086042825463919
2026-01-27,0.8682000041007996,0.8697699904441833,0.8670399785041809,0.8682299852371216,0,0.870770666996638,0.00036873455164299074,0.8678799867630005,0.0018815236460512754
2026-01-28,0.8692600131034851,0.8696200251579285,0.8658499717712402,0.8694999814033508,0,0.8704786678155263,0.001220927203039457,0.8682000041007996,0.0011221193130941665
2026-01-29,0.8662999868392944,0.8670799732208252,0.8650000095367432,0.866320013999939,0,0.870073668162028,-0.003405225386616584,0.8692600131034851,0.0016004287518979544
2026-01-30,0.8666599988937378,0.8674200177192688,0.86558997631073,0.8666499853134155,0,0.8697910010814667,0.0004155743505860343,0.8662999868392944,0.0011989243664525847
2026-02-02,0.8661999702453613,0.8673200011253357,0.8643900156021118,0.8661400079727173,0,0.8694009999434154,-0.0005308063703917121,0.8666599988937378,0.0013480053072101469
2026-02-03,0.8628699779510498,0.8635799884796143,0.8618999719619751,0.8629000186920166,0,0.8689646661281586,-0.003844368977948931,0.8661999702453613,0.002272526651921274
2026-02-04,0.8625800013542175,0.864549994468689,0.8612899780273438,0.8626199960708618,0,0.868546332915624,-0.0003360605934173977,0.8628699779510498,0.0020154681824154966
2026-02-05,0.8648999929428101,0.8718900084495544,0.8645399808883667,0.8648099899291992,0,0.8682619988918304,0.002689595846124604,0.8625800013542175,0.0018680238044243298
2026-02-06,0.8709999918937683,0.8712800145149231,0.8672999739646912,0.8709800243377686,0,0.8682016650835673,0.007052837323079597,0.8648999929428101,0.0034111137120196944
2026-02-09,0.868910014629364,0.873960018157959,0.8675500154495239,0.8689900040626526,0,0.8680896659692129,-0.002399514677216219,0.8709999918937683,0.003746933098498688
2026-02-10,0.8699100017547607,0.8719800114631653,0.8687199950218201,0.869979977607727,0,0.868014665444692,0.0011508523420842298,0.868910014629364,0.00357087582209686
2026-02-11,0.871940016746521,0.8723300099372864,0.8683500289916992,0.8718000054359436,0,0.8680326660474141,0.0023335919666003235,0.8699100017547607,0.0027266642873785708
2026-02-12,0.8716599941253662,0.8716199994087219,0.869379997253418,0.8716199994087219,0,0.8680133322874705,-0.0003211489503597287,0.871940016746521,0.001262546123514508
2026-02-13,0.8714399933815002,0.8720600008964539,0.8697699904441833,0.8714900016784668,0,0.8679929991563161,-0.00025239284279265917,0.8716599941253662,0.001304707087791829
2026-02-16,0.8694999814033508,0.8700000047683716,0.8686500191688538,0.8695099949836731,0,0.8679439981778463,-0.002226214074272037,0.8714399933815002,0.0011057200256434168
2026-02-17,0.8695200085639954,0.8747900128364563,0.8693000078201294,0.8695200085639954,0,0.8680756648381551,2.3032962706004412e-05,0.8694999814033508,0.001201720243333388
2026-02-18,0.8736799955368042,0.8738200068473816,0.8715999722480774,0.8737199902534485,0,0.868341330687205,0.004784233751767175,0.8695200085639954,0.0017409768504950912
2026-02-19,0.873449981212616,0.8750600218772888,0.8731300234794617,0.8733999729156494,0,0.8685373306274414,-0.00026327067732268006,0.8736799955368042,0.0020296077191196966
2026-02-20,0.8742499947547913,0.8748000264167786,0.8725000023841858,0.8743000030517578,0,0.8687596638997396,0.0009159237041422852,0.873449981212616,0.00236409409646216
